{
	"Name": "Scalloped Potatoes",
	"Description": "Made just like grandma Cooper used to make them!", 
	"Category": "Cooking", 
  
	"Edibility": 60, 
	"EdibleIsDrink": false, 
  
	"EdibleBuffs": {
					"Farming": 0,
					"Fishing": 0,
					"Mining": 2,
					"Luck": 2,
					"Foraging": 0,
					"MaxStamina": 0,
					"MagnetRadius": 0,
					"Speed": 0,
					"Defense": 2, 
					"Attack": 1,
					"Duration": 240
  },
  
	"Price": 575, 
  
	"IsColored": false, 
  
	"Recipe": {
			  "ResultCount": 1, 
			  
			  "Ingredients": [
								{
								   "Object": "Potato", 
								   "Count": 3, 
								},
								{
								   "Object": "Milk", 
								   "Count": 1,
								},
								{
								   "Object": "Oil", 
								   "Count": 1,
								},
			      ],
			   
			   "IsDefault": "False", 
			   
			   "CanPurchase": "False", 
			},
	"GiftTastes": { 
					"Love": [ "Henry", "Sterling", "Gus", "Ian", "Bert", "Pika", "Gunther" ], 
					"Dislike": [ "Harvey", "Krobus", "Leo", "Willy" ],
					"Hate": [ "Leah" ],
	},
}