{
	"Name": "Kitty Muffin",
	"Description": "Cute fruity ears and chocolatey whiskers. What else could a kid ask for?", 
	"Category": "Cooking", 
  
	"Edibility": 36, 
	"EdibleIsDrink": false, 
  
	"EdibleBuffs": {
					"Farming": 0,
					"Fishing": 0,
					"Mining": 0,
					"Luck": 1,
					"Foraging": 0,
					"MaxStamina": 0,
					"MagnetRadius": 0,
					"Speed": 0,
					"Defense": 1, 
					"Attack": 0,
					"Duration": 120
  },
  
	"Price": 350, 
  
	"IsColored": false, 
  
	"Recipe": {
			  "ResultCount": 1, 
			  
			  "Ingredients": [
								{
								   "Object": "Wheat Flour", 
								   "Count": 1, 
								},
								{
								   "Object": "Egg", 
								   "Count": 1,
								},
								{
								   "Object": "Salmonberry",
								   "Count": 1,
								},
								{
									"Object": "Melon",
									"Count": 1,
								 }
			      ],
			   
			   "IsDefault": "False", 
			   
			   "CanPurchase": "False", 
			},
	"GiftTastes": { 
		"Love": [ "Jas", "Vincent", "Mia", "Eloise", "Lucikiel", "Sophia", "Abigail", "Lexi", "Sterling", "Maddie", "Trinnie", "Lola", "Tabitha"], 
		"Dislike": [ "Krobus", "Willy", "Leo", "Harvey" ],
	},
}