{
"Changes": [

        { 
            "LogName":"Sterling Flower Dance",
            "Action": "EditData",
            "Target": "Data/Festivals/spring24",
            "TextOperations": [
              {
                "Operation": "Append",
                "Target": [ "Entries", "Set-Up_additionalCharacters" ],
                "Value": "Sterling 20 34 1",
                "Delimiter": "/"
              },
              {
                "Operation": "Append",
                "Target": [ "Entries", "MainEvent_additionalCharacters" ],
                "Value": "Sterling 8 31 0",
                "Delimiter": "/"
              }
            ]
          },
          { 
            "LogName":"Henry Flower Dance",
            "Action": "EditData",
            "Target": "Data/Festivals/spring24",
            "TextOperations": [
              {
                "Operation": "Append",
                "Target": [ "Entries", "Set-Up_additionalCharacters" ],
                "Value": "Henry 21 35 0",
                "Delimiter": "/"
              }
            ]
          },
          { 
            "LogName":"Mia Flower Dance",
            "Action": "EditData",
            "Target": "Data/Festivals/spring24",
            "TextOperations": [
              {
                "Operation": "Append",
                "Target": [ "Entries", "Set-Up_additionalCharacters" ],
                "Value": "Mia 21 33 2",
                "Delimiter": "/"
              }
            ]
          }
   
]
}
