{
"Changes": [

	{
   "Action": "EditData",
   "Target": "Data/Festivals/fall20",
   "When":
                        { "HasMod":"Rafseazz.RSVCP"},
   "TextOperations": [
   
   //SetUp
		{
         "Operation": "Append",
         "Target": ["Entries", "Set-Up_additionalCharacters"],
         "Value": "Sterling 101 52 right/Mia 50 down/Henry 102 52 up",
         "Delimiter": "/"
		},
	
   //MainEvent
		{
         "Operation": "Append",
         "Target": ["Entries", "MainEvent_additionalCharacters"],
         "Value": "Sterling 76 45 up/Mia 78 47 up/Henry 77 47 up",
         "Delimiter": "/"
		},

	]	
	},
]
}