{
"Changes": [

        { 
            "LogName":"Sterling Ice Festival",
            "Action": "EditData",
            "Target": "Data/Festivals/winter8",
            "When": {"HasMod |contains=FlashShifter.StardewValleyExpandedCP": false },
            "TextOperations": [
              {
                "Operation": "Append",
                "Target": [ "Entries", "Set-Up_additionalCharacters" ],
                "Value": "Sterling 60 27 2",
                "Delimiter": "/",

              }
            ]
          },
          { 
            "LogName":"Sterling SVE Ice Festival",
            "Action": "EditData",
            "Target": "Data/Festivals/winter8",
            "When": {"HasMod |contains=FlashShifter.StardewValleyExpandedCP": true },
            "TextOperations": [
              {
                "Operation": "Append",
                "Target": [ "Entries", "Set-Up_additionalCharacters" ],
                "Value": "Sterling 63 11 2",
                "Delimiter": "/",

              }
            ]
          },   

          { 
            "LogName":"Henry Ice Festival",
            "Action": "EditData",
            "Target": "Data/Festivals/winter8",
            "When": {"HasMod |contains=FlashShifter.StardewValleyExpandedCP": false },
            "TextOperations": [
              {
                "Operation": "Append",
                "Target": [ "Entries", "Set-Up_additionalCharacters" ],
                "Value": "Henry 61 27 2",
                "Delimiter": "/",

              }
            ]
          },
          { 
            "LogName":"Henry SVE Ice Festival",
            "Action": "EditData",
            "Target": "Data/Festivals/winter8",
            "When": {"HasMod |contains=FlashShifter.StardewValleyExpandedCP": true },
            "TextOperations": [
              {
                "Operation": "Append",
                "Target": [ "Entries", "Set-Up_additionalCharacters" ],
                "Value": "Henry 64 11 2",
                "Delimiter": "/",

              }
            ]
          },   

          { 
            "LogName":"Mia Ice Festival",
            "Action": "EditData",
            "Target": "Data/Festivals/winter8",
            "When": {"HasMod |contains=FlashShifter.StardewValleyExpandedCP": false },
            "TextOperations": [
              {
                "Operation": "Append",
                "Target": [ "Entries", "Set-Up_additionalCharacters" ],
                "Value": "Mia 60 31 3",
                "Delimiter": "/",

              }
            ]
          },
          { 
            "LogName":"Mia SVE Ice Festival",
            "Action": "EditData",
            "Target": "Data/Festivals/winter8",
            "When": {"HasMod |contains=FlashShifter.StardewValleyExpandedCP": true },
            "TextOperations": [
              {
                "Operation": "Append",
                "Target": [ "Entries", "Set-Up_additionalCharacters" ],
                "Value": "Mia 65 16 3",
                "Delimiter": "/",

              }
            ]
          }
]
}
