{
"Changes": [

        { 
            "LogName":"Sterling Luau",
            "Action": "EditData",
            "Target": "Data/Festivals/summer11",
            "TextOperations": [
              {
                "Operation": "Append",
                "Target": [ "Entries", "Set-Up_additionalCharacters" ],
                "Value": "Sterling 52 14 1",
                "Delimiter": "/"
              },
              {
                "Operation": "Append",
                "Target": [ "Entries", "MainEvent_additionalCharacters" ],
                "Value": "Sterling 43 15 3",
                "Delimiter": "/"
              }
            ]
          },
          { 
            "LogName":"Henry Luau",
            "Action": "EditData",
            "Target": "Data/Festivals/summer11",
            "TextOperations": [
              {
                "Operation": "Append",
                "Target": [ "Entries", "Set-Up_additionalCharacters" ],
                "Value": "Henry 52 15 1",
                "Delimiter": "/"
              },
              {
                "Operation": "Append",
                "Target": [ "Entries", "MainEvent_additionalCharacters" ],
                "Value": "Henry 44 15 3",
                "Delimiter": "/"
              }
            ]
          },
          { 
            "LogName":"Mia Luau",
            "Action": "EditData",
            "Target": "Data/Festivals/summer11",
            "TextOperations": [
              {
                "Operation": "Append",
                "Target": [ "Entries", "Set-Up_additionalCharacters" ],
                "Value": "Mia 45 12 1",
                "Delimiter": "/"
              },
              {
                "Operation": "Append",
                "Target": [ "Entries", "MainEvent_additionalCharacters" ],
                "Value": "Mia 44 14 3",
                "Delimiter": "/"
              }
            ]
          }
   
   
]
}
