{
"Changes": [

          { 
            "LogName":"Sterling Jellies",
            "Action": "EditData",
            "Target": "Data/Festivals/summer28",
            "When": {"HasMod |contains=FlashShifter.StardewValleyExpandedCP": "false"},
            "TextOperations": [
              {
                "Operation": "Append",
                "Target": [ "Entries", "Set-Up_additionalCharacters" ],
                "Value": "Sterling 49 24 2",
                "Delimiter": "/"
              }
            ]
          },
          { 
            "LogName":"Henry Jellies",
            "Action": "EditData",
            "Target": "Data/Festivals/summer28",
            "When": {"HasMod |contains=FlashShifter.StardewValleyExpandedCP": "false"},
            "TextOperations": [
              {
                "Operation": "Append",
                "Target": [ "Entries", "Set-Up_additionalCharacters" ],
                "Value": "Henry 51 24 2",
                "Delimiter": "/"
              }
            ]
          },
          { 
            "LogName":"Mia Jellies",
            "Action": "EditData",
            "Target": "Data/Festivals/summer28",
            "When": {"HasMod |contains=FlashShifter.StardewValleyExpandedCP": "false"},
            "TextOperations": [
              {
                "Operation": "Append",
                "Target": [ "Entries", "Set-Up_additionalCharacters" ],
                "Value": "Mia 50 24 2",
                "Delimiter": "/"
              }
            ]
          },


          //Moonlight Jellies SVE

 { 
  "LogName":"Sterling Jellies",
  "Action": "EditData",
  "Target": "Data/Festivals/summer28",
  "When": { "HasMod":"FlashShifter.StardewValleyExpandedCP"},
  "TextOperations": [
    {
      "Operation": "Append",
      "Target": [ "Entries", "Set-Up_additionalCharacters" ],
      "Value": "Sterling 39 24 2",
      "Delimiter": "/"
    }
  ],
},
{ 
  "LogName":"Henry Jellies",
  "Action": "EditData",
  "Target": "Data/Festivals/summer28",
  "When": { "HasMod":"FlashShifter.StardewValleyExpandedCP"},
  "TextOperations": [
    {
      "Operation": "Append",
      "Target": [ "Entries", "Set-Up_additionalCharacters" ],
      "Value": "Henry 41 24 2",
      "Delimiter": "/"
    }
  ],

},
{ 
  "LogName":"Mia Jellies",
  "Action": "EditData",
  "Target": "Data/Festivals/summer28",
  "When": { "HasMod":"FlashShifter.StardewValleyExpandedCP"},
  "TextOperations": [
    {
      "Operation": "Append",
      "Target": [ "Entries", "Set-Up_additionalCharacters" ],
      "Value": "Mia 40 24 2",
      "Delimiter": "/"
    }
  ],

}
]
}
