{
"Changes": [
        { 
            "LogName":"Sterling Feast of the Winter Star",
            "Action": "EditData",
            "Target": "Data/Festivals/winter25",
            "TextOperations": [
              {
                "Operation": "Append",
                "Target": [ "Entries", "Set-Up_additionalCharacters" ],
                "Value": "Sterling 43 60 1",
                "Delimiter": "/"
              }
            ]
        },

        { 
          "LogName":"Henry Feast of the Winter Star",
          "Action": "EditData",
          "Target": "Data/Festivals/winter25",
          "TextOperations": [
            {
              "Operation": "Append",
              "Target": [ "Entries", "Set-Up_additionalCharacters" ],
              "Value": "Henry 44 61 0",
              "Delimiter": "/"
            }
          ]
      },

      { 
        "LogName":"Mia Feast of the Winter Star",
        "Action": "EditData",
        "Target": "Data/Festivals/winter25",
        "TextOperations": [
          {
            "Operation": "Append",
            "Target": [ "Entries", "Set-Up_additionalCharacters" ],
            "Value": "Mia 31 72 0",
            "Delimiter": "/"
          }
        ]
    }
]
}
