{
	"Name": "Owl Rice Crisp",
	"Description": "A healthy treat in the shape of a cute little owl!", 
	"Category": "Cooking", 
  
	"Edibility": 36, 
	"EdibleIsDrink": false, 
  
	"EdibleBuffs": null,
  
	"Price": 320, 
  
	"IsColored": false, 
  
	"Recipe": {
			  "ResultCount": 1, 
			  
			  "Ingredients": [
								{
								   "Object": "Rice", 
								   "Count": 1, 
								},
								{
								   "Object": "Sugar", 
								   "Count": 1,
								},
								{
								   "Object": "Apple",
								   "Count": 1,
								}
			      ],
			   
			   "IsDefault": "False", 
			   
			   "CanPurchase": "False", 
			},
  
	"GiftTastes": { 
					"Love": [ "Sandy", "Demetrius", "Evelyn", "Eloise", "Jas", "Vincent", "Leo", "Keahi", "Kenneth", "Flor" ], 
					"Dislike": [ "Emily", "Harvey", "Krobus", "Leah", "Willy" ]
	},
}