{
"Changes": [
	
//------------------------------------- D A T A B L E S -------------------------------------

//------------------------
// E N G A G E M E N T    
//------------------------

	{
			
		"LogName": "Engagement Dialogue",
		"Action": "EditData",
		"Target": "Data/EngagementDialogue",
		"Entries": {
		
		        "Sterling0": "This is the most exciting time of my life.$1#$b#The wait is killing me.$9",
        		"Sterling1": "Tomorrow... You, me. I'm never letting you go, @.$4",
				
		}
	},
//------------------------
//Children
//------------------------
	
	//Cookie
	
	
		{
		"Action": "EditImage",
		"Target": "Characters/Toddler",
		"FromFile": "assets/Characters/Sterling/Kids/{{season}}_cookie.png",
		
		"When": {
			"Relationship:Sterling": "Married",
			"CustomToddlers": "true"
				}
		},
	{
		"Action": "EditImage",
		"Target": "Characters/Toddler_dark",
		"FromFile": "assets/Characters/Sterling/Kids/{{season}}_cookie.png",
		"When": {
		"Relationship:Sterling": "Married",
		"CustomToddlers": "true"
		}
	},

	//Muffin
	{
		"Action": "EditImage",
		"Target": "Characters/Toddler_girl",
		"FromFile": "assets/Characters/Sterling/Kids/{{season}}_muffin.png",
		"When": {
		"Relationship:Sterling": "Married",
		"CustomToddlers": "true"
	}
	},
	{
		"Action": "EditImage",
		"Target": "Characters/Toddler_girl_dark",
		"FromFile": "assets/Characters/Sterling/Kids/{{season}}_muffin.png",
		"When": {
		"Relationship:Sterling": "Married",
		"CustomToddlers": "true"
	}
  }

//SpouseRooms
	//Load SpouseRooms
    {
        "Action": "EditData",
        "Target": "Data/SpouseRooms",
        "Entries":
        {
        	"Sterling": "ARVSpouseRooms/0",
//          "Mia": "ARVSpouseRooms/1",
//          "Henry": "ARVSpouseRooms/2",
        }
    },

    // Load SpouseRoom Map
    {
        "Action": "Load",
        "Target": "Maps/ARVSpouseRooms",
        "FromFile": "Assets/Maps/{{TargetWithoutPath}}.tmx"
    }	

]

}