 
 {
  "Changes": 
    [
    //MAIN SCHEDULE
      {
      "LogName": "Mia Schedule Vanilla",
      "Action": "EditData",
      "Target": "Characters/schedules/Mia",
      "Entries":
          {
            "rain": "GOTO spring",
            "Tue":  "700 Custom_ARVHouse 13 6 3/800 Custom_ARVHouse 25 20 1/820 Custom_ARVHouse 25 21 1/930 SeedShop 25 17 2 MiaSports/1600 SeedShop 27 14 2/1840 Custom_ARVHouse 25 21 1/2100 Custom_ARVHouse 25 21 0/2020 Custom_ARVHouse 21 20 0/2040 Custom_ARVHouse 22 20 0/2050 Custom_ARVHouse 25 21 1/2120 Custom_ARVHouse 25 20 1/2130 Custom_ARVHouse 25 21 1/2200 Custom_ARVHouse 25 21 0/2330 Custom_ARVHouse 17 4 3 MiaSleep",
            "Sun": "700 Custom_ARVHouse 13 6 3/800 Custom_ARVHouse 25 20 1/820 Custom_ARVHouse 25 21 1/940 Custom_ARVHouse 25 21 0/1030 Custom_ARVHouse 25 19 0 MiaDishes/1300 Custom_EastScarpe 26 51 3/1630 Saloon 37 19 2/2330 Custom_ARVHouse 17 4 3 MiaSleep",
            "spring": "700 Custom_ARVHouse 13 6 3/800 Custom_ARVHouse 25 20 1/820 Custom_ARVHouse 25 21 1/940 Custom_ARVHouse 25 21 0/1030 Custom_ARVHouse 25 19 0 MiaDishes/1300 Custom_EastScarpe 26 51 3/1700 Custom_EastScarpe 26 53 3/1900 Custom_ARVHouse 25 21 1/2000 Custom_ARVHouse 25 21 0/2020 Custom_ARVHouse 21 20 0/2040 Custom_ARVHouse 22 20 0/2050 Custom_ARVHouse 25 21 1/2120 Custom_ARVHouse 25 20 1/2130 Custom_ARVHouse 25 21 1/2200 Custom_ARVHouse 25 21 0/2330 Custom_ARVHouse 17 4 3 MiaSleep",
            "fall_27": "610 Custom_EastScarpe 43 67 3\"Strings\\schedules\\Mia:halloween.000\"/1250 Custom_EastScarpeInn 41 26 0\"Strings\\schedules\\Mia:halloween.001\"",
            "winter_15":"700 Custom_ARVHouse 13 6 3/800 Custom_ARVHouse 25 20 1/820 Custom_ARVHouse 25 21 1/840 Custom_ARVHouse 25 21 0/1030 Custom_ARVHouse 25 19 0 MiaDishes/1300 Custom_EastScarpe 26 51 3/1400 Beach 31 14 2s/2300 Custom_ARVHouse 17 4 3 MiaSleep",
            "winter_16": "GOTO winter_15",
            "winter_17": "GOTO winter_15"
          }
          
      }
    ]
 }


