[
    {
        "Id": "musicTrain",
        "Filepath": "Music/SterlingTrain.wav",
        "Category": "Music",
        "Settings": {
            "Loop": true
        }
    },
    {
        "Id": "passingTrain",
        "Filepath": "Music/HornAndTrain.wav",
        "Category": "Music",
        "Settings": {
            "Loop": true
        }
    },
    {
        "Id": "ARVTheme",
        "Filepath": "Music/ARVtheme.wav",
        "Category": "Music",
        "Settings": {
            "Loop": true
        }
    }
]