{
	"Name": "Berry Delight Cake",
	"Description": "The sweetest summer treat for a sweet tooth.", 
	"Category": "Cooking", 
  
	"Edibility": 50, 
	"EdibleIsDrink": false, 
  
	"EdibleBuffs": {
					"Farming": 2,
					"Fishing": 0,
					"Mining": 0,
					"Luck": 0,
					"Foraging": 2,
					"MaxStamina": 0,
					"MagnetRadius": 0,
					"Speed": 0,
					"Defense": 1, 
					"Attack": 0,
					"Duration": 240
  },
  
	"Price": 650, 
  
	"IsColored": false, 
  
	"Recipe": {
			  "ResultCount": 1, 
			  
			  "Ingredients": [
								
								{
								   "Object": "Egg", 
								   "Count": 1,
								},
								{
									"Object": "Milk", 
									"Count": 1,
								},
								{
									"Object": "Salmonberry", 
									"Count": 2,
								},
								{
									"Object": "Blackberry", 
									"Count": 2,
								},
								{
								   "Object": "Strawberry",
								   "Count": 1,
								}
			      ],
			   
			   "IsDefault": "False", 
			   
			   "CanPurchase": "False", 
			},
  
	"GiftTastes": { 
					"Love": [ "Mia", "Lucikiel", "Haley", "Richard", "Lenny", "Flor", "Marnie" ], 
					"Dislike": [ "Harvey", "Krobus", "Leah", "Leo", "Willy" ],
	},
}