{
	"events":
	[
		{
			"name": "The Usual Saloon Night (Zero Hearts)",
			"location": "Town",
			"eventId": "40180001",
      			"night": true,
     			"mail": null
		},
		{
			"name": "Playing at the Train Tracks (Two Hearts)",
			"location": "Town",
			"eventId": "40180003",
      			"night": true,
     			"mail": null
		},
		{
			"name": "Passed out Drunks (Three Hearts)",
			"location": "AnimalShop",
			"eventId": "40180002",
      			"night": false,
     			"mail": null
		},
		{
			"name": "Night Swim (Four Hearts 1)",
			"location": "Town",
			"eventId": "40180005",
      			"night": true,
     			"mail": null
		},
		{
			"name": "Bike Ride (Four Hearts 2)",
			"location": "Town",
			"eventId": "40180006",
      			"night": false,
     			"mail": null
		},
		{
			"name": "Sterling's Silver Chip (Five Hearts)",
			"location": "Custom_ARVHouse",
			"eventId": "401800071",
      			"night": false,
     			"mail": null
		},
		{
			"name": "Relapse (Six Hearts 1)",
			"location": "SeedShop",
			"eventId": "40180008",
      			"night": false,
     			"mail": null
		},
        {
			"name": "Apology (Six Hearts 2)",
			"location": "SeedShop",
			"eventId": "40180009",
      			"night": false,
     			"mail": null
		},
        {
			"name": "Dinner at Home (Eight Hearts)",
			"location": "Custom_ARVHouse",
			"eventId": "40180010",
      			"night": false,
     			"mail": null
		},
        {
			"name": "An Unsual Saloon Night (Ten Hearts)",
			"location": "Town",
			"eventId": "40180011",
      			"night": true,
     			"mail": null
		}

	]
}