{
    "Name": "SleepHenryDog",
    "Type": "Walking", // Can either be Walking or Flying | Walking has collision with objects, flying has no collision
    "EnableFarmerCollision": true, // Optional parameter, determines if the companion will collide with the farmer | NOTE: Only usable with map-based spawns, does nothing for follower-based spawns (e.g. with rings)
    "EnableShadow": false, // Optional parameter, default false
    "Shadow": {
      "OffsetX": 0,
      "OffsetY": -16,
      "Scale": 1,
      "Alpha": 255
    },
    "TravelSpeed": 1, // Speed at which the companion follows the player
    "SpawnDirection": 2, // Optional parameter, determines which direction the companion will face when spawned (0 for up, 1 for right, 2 for down, 3 for right) | Default 2
    "SpawnOffsetX": 0, // X offset (from player) of where to spawn | Note: Negative values will spawn to left of player, positive will spawn to right of player
    "SpawnOffsetY": 0, // Y offset (from player) of where to spawn | Note: Negative values will spawn above player head, positive will spawn below player head
    "MaxIdleDistance": -1, // Optional parameter, determines how far away a companion can be from a player / spawn point before idle behavior stops | NOTE: -1 will make it always idle if player isn't moving
    "MaxDistanceBeforeTeleport": -1, // Optional parameter, determines how far away a companion can be from a player / spawn point before teleporting back | NOTE: -1 will make it never teleport if it gets too far
    "InspectionDialogue": "Zzzz *his comfort as he sleeps fills you with determination*", // Optional parameter, determines what dialogue appears when interacting with the companion | NOTE: Only applicable for map-based spawns
    "Portrait": {
        "PortraitDisplayName": "Max",
        "FrameSizeWidth": 64,
        "FrameSizeHeight": 64,
        "FrameIndex": 0 
    },

    "IdleBehavior": "Nothing", // Optional parameter, determines how the companion acts while idle | Options: [Nothing, Hover, Wander, Jumper]
    "FrameSizeWidth": 32, // Width of each frame / tile in pixels
    "FrameSizeHeight": 32, // Height of each frame / tile in pixels

    "UniformAnimation": {
        "StartingFrame": 34,
        "NumberOfFrames": 10,
        "Duration": 200
      },

    

    }
      