{
	"Name": "Summer Pink Lemonade",
	"Description": "A refreshing drink to fight the summer heat!", 
	"Category": "Cooking", 
  
	"Edibility": 40, 
	"EdibleIsDrink": true, 
  
	"EdibleBuffs": {
					"Farming": 0,
					"Fishing": 0,
					"Mining": 0,
					"Luck": 0,
					"Foraging": 0,
					"MaxStamina": 2,
					"MagnetRadius": 0,
					"Speed": 0,
					"Defense": 1, 
					"Attack": 1,
					"Duration": 240
  },
  
	"Price": 250, 
  
	"IsColored": false, 
  
	/*"Recipe": {
			  "ResultCount": 1, 
			  
			  "Ingredients": [
								{
								   "Object": "Salmonberry", 
								   "Count": 2, 
								},
								{
								   "Object": "Orange", 
								   "Count": 1,
								},
								{
								   "Object": "Sugar",
								   "Count": 1,
								}
			      ],
			   
			   "IsDefault": "False", 
			   
			   "CanPurchase": "False", 
			},*/
  
	"GiftTastes": { 
					"Love": [ "Sophia", "Juna", "Jas", "Caroline", "Sterling", "Henry", "Mia", "Haley", "Juna" ], 
					"Dislike" : [ "Krobus", "Willy", "Harvey" ]

	},
}