{
    "Changes":
    [
    
    
    //STORY EVENTS

        //Farm House Story Events
    {
        "LogName": "Farmhouse Marriage Events",
        "Action": "EditData",
        "Target": "Data/Events/FarmHouse",
        "When": 
        { "Relationship:Sterling": "Married",},
        "Entries":
        {
          
              //11 Part 1: Invitation to AA
              
              "40180012/f Sterling 2750/t 650 1100": "sweet/-999 -999/farmer 11 16 3 Sterling 7 14 0/addConversationTopic SterlingAADate 1/skippable/makeInvisible 6 14 5 6/viewport -100 -100 true unfreeze/move farmer -4 0/faceDirection farmer 0/pause 500/faceDirection Sterling 2/pause 600/speak Sterling \"Ah, good morning darling.\"/pause 100//speak Sterling \"Don't mind the smell of the cooking, I'm expelling some anxious energy.$4\"/pause 100/emote farmer 8/pause 300/move farmer 0 -1/pause 500/question fork1 \"#What's wrong love? #You cook when you're anxious?\"/fork AnxiousCook/pause 500/speak Sterling \"Oh, you forgot?$7#$b#No, don't worry. It's just tomorrow is my first AA meeting in a long time.$0#$b#There's nothing to be nervous about, but...$4#$b#Nothing quite like surrounding yourself with people with your same affliction and having to admit you have a real problem to make you have a sobering morning...$3#$b#No pun intended.$10\"/switchEvent ContinueInvitationToAA", 
              
              "AnxiousCook": "pause 500/speak Sterling \"Well, I'd hardly call what I did cooking.$10#$b#More like... A dignified attempt at scrambling up sustenance.$10#$b#However- Well, yeah. I guess anything to keep my hands occupied and off a drink. It's what I'd normally have when I'm nervous.$3\"/quickQuestion #What's wrong, love?(break)\\speak Sterling \"Oh, you forgot?$7#$b#No, don't worry. It's just tomorrow is my first AA meeting in a long time.$0#$b#There's nothing to be nervous about, but...$4#$b#Nothing quite like surrounding yourself with people with your same affliction and having to admit you have a real problem to make you have a sobering morning...$3#$b#No pun intended.$10\"/switchEvent ContinueInvitationToAA",

              "ContinueInvitationToAA": "resetVariable/emote farmer 20/pause 1200/move farmer 1 0 0/move farmer 0 -1 3/faceDirection Sterling 1/pause 500/quickQuestion #You hold on to Sterling's hand, giving it a tight squeeze.(break)pause 500/emote Sterling 20 true/emote farmer 20 false/pause 1200/pause 300/emote Sterling 16/pause 700/jump Sterling 8/speak Sterling \"Oh! Speaking of which, darling. I meant to ask!$2\"/pause 300/emote farmer 8/pause 900/speak Sterling \"How would you feel about perhaps accompanying me?\"/quickQuestion #You want me to come with you to AA? You can do that?(break)pause 200/speak Sterling \"Yes!$9#$b#It'd be nice to have you at least the first time around.$1#$b#... It'd actually help keep me liable from running away as soon as I enter the parking lot... $3#$b#And well- It'd just mean the world to me to have your support.$4\"/emote farmer 32/pause 1200/quickQuestion #Well, in that case...(break)pause 100/quickQuestion #You can count on me, love.(break)pause 1000/jump Sterling 5/pause 500/speak Sterling \"Ahhh, thank you, sunshine. I already feel so much more at ease.$13\"/pause 1000/emote farmer 32/pause 1200/animate Sterling false true 3000 28/animate farmer true true 3000 101/pause 2000/globalFade/viewport -1000 -1000/pause 1000/speak Sterling \"Meet me  tomorrow at the bus stop first thing in the morning, alright? I'll wait there for you.\"/end",

        },

    },
        
        //Bus Stop Story Events
    {
        "LogName": "Sterling Marriage Events Bus Stop",
        "Action": "EditData",
        "Target": "Data/Events/BusStop",
        "When": 
        { "Relationship:Sterling": "Married",},
        "Entries":
        {
          
              //11 Part 2: The AA Hall

              "40180013/e 40180012/A SterlingAADate": "ARVTheme/-999 -999/farmer 13 17 0 Sterling 9 12/addConversationTopic SterlingGoesToAA/skippable/viewport 10 15/emote Sterling 16/pause 1200/speak Sterling \"Over here love!$1\"/pause 500/move farmer 0 -5 3/faceDirection Sterling 1/move farmer -3 0 3/pause 100/speak Sterling \"I'm so happy that you made it.#$b#I grabbed us a bottle of water and a snack for the way, are you all ready to go?$1\"/quickQuestion #Never been more ready.#You're the one who has a big day today. Are YOU ready?(break)speak Sterling \"Let's hop on to it then. It's time for an adventure.$10\"\\emote farmer 56(break)emote Sterling 60\\pause 1000\\speak Sterling \"I... I feel like running off, to be quite honest.$3#$b#But-$2#$b#I have to do this. I've never quite felt this ready and I need to take as much advantage of it as I can.#$b#Specially now you're here with me.\"/emote farmer 32/pause 1000/faceDirection Sterling 0 true/faceDirection farmer 0/pause 500/move farmer 0 -1 true/move Sterling 0 -1 false/pause 500/globalFade/viewport -999 -999/pause 2000/stopMusic/changeToTemporaryMap ARVAAHall/bgColor 0 0 0/ambientLight 0 0 0/playMusic ARVCrowds/warp Sterling 17 9/warp farmer 16 9/faceDirection farmer 1/faceDirection Sterling 3/pause 200/viewport 19 9/pause 1000/speak Sterling \"Ahh... This good ol' place and I meet again.$3\"/pause 1000/emote farmer 8/pause 500/quickQuestion #Are you still nervous?(break)pause 50/speak Sterling \"I... Yeah, a little bit.$13#$b#I know everything is going to be fine. Really. It's just-$13#$b#This really makes it real.\"/pause 1000/speak Sterling \"... Hey, I-$11#$b#...$12#$b#...$6#$b#I know- This...#$b#Isn't quite ideal when getting married to someone. But...$3#$b#Thank you.#4#$b#For sticking through this with me.#$b#I woke up feeling a little stronger every day I'm with you.\"/pause 500/emote farmer 32/quickQuestion #Squeeze Sterling's hand.#Give him an encouraging smile.(break)pause 50(break)pause 50/emote Sterling 20/pause 500/playSound phone/pause 100/speak Sterling \"Ah. It's starting.\"/pause 200/quickQuestion #Remember you don't have to say anything if you don't want to.(break)speak Sterling \"I appreciate it love, but it's fine. I have been giving myself excuse after excuse for so long, thinking I could just do this without consequence.#$b#I think it's going to be alright if I kick my butt enough to hold myself accountable.$10\"/emote farmer 32/globalFade/viewport -999 -999/stopMusic/pause 2000/message \"'.... Hi....'\"/pause 100/message \"'.. Uhhm...'\"/pause 500/playMusic Cavern/pause 500/speak Sterling \"... My name is Sterling.\"/pause 500/speak Sterling \"... And I'm not in control when I drink alcohol.$12#$b#I've never really had any control over alcohol, in the first place.$11\"/pause 500/message \"'Hi Sterling.' I hear the crowd answer back, solemn.\"/speak Sterling \"I... Used to think I was in control. When I first moved here, to Zuzu, so excited for a bright future and ready to get my undergrad.$4#$b#I thought I could just pick up a bottle to relax from time to time. Then drop it, drink at a next party.$1#$b#But the next party became tomorrow, and the day after, and the one after that.$11#$b#I was so insecure and felt so broken about my place in my life that I let it take over.$12\"/pause 500/message \"School and work took a second place to it until I let go of them all together... I'm not sure when I let it get this bad.#... No.\"/pause 500/speak Sterling \"It was always this bad.$2#$b#But if there's anything that led me to the recovery process, is knowing it doesn't have to stay that way.$1#$b#At the end of the day, I'm powerless over alcohol as soon as I start drinking. But I am not powerless over my life.$1\"/pause 50/speak Sterling \"...#$b#This isn't all there is to me.#$b#Nor the end to me.\"/pause 50/message People nod among themselves, seemingly in agreement; reaching out to squeeze Sterling's hand in solidarity and sharing their own experiences.\"/message Sterling himself seems to grow more comfortable, the support around him seeming to ease his nerves as he begins talking with everyone. I am confident as I step outside he's found himself a good place for him.\"/pause 1000/end"
              
        }, 
    },   

        {
            "LogName": "Conversation Topics - Marriage Sterling",
            "Action": "EditData",
            "Target": "Characters/Dialogue/Sterling",
            "Entries": 
            {
                "SterlingGoesToAA": 
                "Hey there, sugar snap pea... I wanted to say thank you again for coming with me.#$q 99990001/99990002 SterlingAAFollowUp#What did you think?
                #$r 305 15 beachquestion_yes#Sure, I would love to!
                #$r 306 0 beachquestion_sorry#Oh, sorry, I've already made plans with someone else...
                #$r 306 -10 beachquestion_no#No thank you.
            ",
                        "beachquestion_yes": "Good! It's a date.$h",
                        "beachquestion_sorry": "Oh. Darn. Okay.$6",
                        "beachquestion_no": "Oh. Um. Sorry.$s",
                        "beachquestion_followup":
                            "$p 305
                                #Tomorrow should be a lot of fun!$h
                                |Hmm, I wonder if I can get someone to go with me...$s
                            ",
            }
        },

    

      //Mountain Story Events
      {
        "LogName": "Sterling Marriage Events Mountain",
        "Action": "EditData",
        "Target": "Data/Events/Mountain",
        "When": 
        { "Relationship:Sterling": "Married",},
        "Entries":
        {
          
              //11 Part 2: The AA Hall
              
              "40180014/e 40180013/f Sterling 3000/w sunny/z winter/t 700 1800": "ARVTheme/-1000 -1000/farmer 13 27 3 Sterling 11 27 1/addConversationTopic SterlingThing/skippable/viewport 12 29/"
              
        },

    },



    ]

}