{
    "Changes":
    [
        /*********
        ** Sterling Mountain event
        *********/
        {
            "LogName": "Sterling Train - SVE Version",
            "Action": "EditData",
            "Target": "Data/Events/Mountain",
            "Entries":
            {
                "40180003/f Sterling 500/t 1900 2300": "none/-100 -100/farmer 53 6 0 Sterling -500 999 0/addConversationTopic SterlingTrain 14/globalFadeToClear/viewport 56 8/move farmer 0 1 2/pause 500/playSound trainWhistle/pause 1000/faceDirection farmer 3/pause 1000/emote farmer 8/pause 1000/move farmer -5 0 3 true/globalFade/viewport -999 -999/changeLocation Railroad/skippable/warp farmer 29 56/warp Sterling 21 42 positionOffset Sterling 0 16/globalFadeToClear/viewport 29 44 true/pause 500/jump Sterling 11/showFrame Sterling 5 true/positionOffset Sterling 2 6/pause 2/positionOffset Sterling 2 6/pause 2/positionOffset Sterling 2 6/pause 5/positionOffset Sterling 2 6/pause 2/positionOffset Sterling 2 6/pause 2/positionOffset Sterling 2 6/pause 2/positionOffset Sterling 2 6/pause 5/positionOffset Sterling 2 6/pause 1/positionOffset Sterling 2 6/positionOffset Sterling 2 6/pause 5/positionOffset Sterling 2 6/pause 2/positionOffset Sterling 2 6/pause 2/positionOffset Sterling 2 6/pause 1/positionOffset Sterling 2 6/pause 2/positionOffset Sterling 2 6/pause 2/positionOffset Sterling 2 6/pause 2/positionOffset Sterling 2 6/pause 1/positionOffset Sterling 2 6/pause 2/positionOffset Sterling 2 6/pause 1/positionOffset Sterling 2 6/pause 1/positionOffset Sterling 2 6/pause 1/positionOffset Sterling 2 6/pause 1/positionOffset Sterling 2 6/showFrame Sterling 4/pause 500/jump Sterling 11/showFrame Sterling 7 true/positionOffset Sterling 2 -6/pause 2/positionOffset Sterling 2 -6/pause 2/positionOffset Sterling 2 -6/pause 5/positionOffset Sterling 2 -6/pause 2/positionOffset Sterling 2 -6/pause 2/positionOffset Sterling 2 -6/pause 2/positionOffset Sterling 2 -6/pause 5/positionOffset Sterling 2 -6/pause 1/positionOffset Sterling 2 -6/positionOffset Sterling 2 -6/pause 5/positionOffset Sterling 2 -6/pause 2/positionOffset Sterling 2 -6/pause 2/positionOffset Sterling 2 -6/pause 1/positionOffset Sterling 2 -6/pause 2/positionOffset Sterling 2 -6/pause 2/positionOffset Sterling 2 -6/pause 2/positionOffset Sterling 2 -6/pause 1/positionOffset Sterling 2 -6/pause 2/positionOffset Sterling 2 -6/pause 1/positionOffset Sterling 2 -6/pause 1/positionOffset Sterling 2 -6/pause 1/positionOffset Sterling 2 -6/pause 1/positionOffset Sterling 2 -6/showFrame Sterling 4/pause 500/jump Sterling 11/showFrame Sterling 5 true/positionOffset Sterling 2 6/pause 2/positionOffset Sterling 2 6/pause 2/positionOffset Sterling 2 6/pause 5/positionOffset Sterling 2 6/pause 2/positionOffset Sterling 2 6/pause 2/positionOffset Sterling 2 6/pause 2/positionOffset Sterling 2 6/pause 5/positionOffset Sterling 2 6/pause 1/positionOffset Sterling 2 6/positionOffset Sterling 2 6/pause 5/positionOffset Sterling 2 6/pause 2/positionOffset Sterling 2 6/pause 2/positionOffset Sterling 2 6/pause 1/positionOffset Sterling 2 6/pause 2/positionOffset Sterling 2 6/pause 2/positionOffset Sterling 2 6/pause 2/positionOffset Sterling 2 6/pause 1/positionOffset Sterling 2 6/pause 2/positionOffset Sterling 2 6/pause 1/positionOffset Sterling 2 6/pause 1/positionOffset Sterling 2 6/pause 1/positionOffset Sterling 2 6/pause 1/positionOffset Sterling 2 6/jump Sterling/faceDirection Sterling 0 true/pause 90/faceDirection Sterling 3 true/pause 90/faceDirection Sterling 2 true/pause 90/faceDirection Sterling 1 true/showFrame Sterling 4/end",
                "40180004/e 40180003/z winter": "shaneTheme/-100 -100/farmer 29 56 0 Sterling 23 44 1/changeLocation Railroad/viewport 29 44 true/skippable/move Sterling 6 0 1 true/move farmer 0 -8 0 false/pause 500/faceDirection Sterling 2/pause 500/jump Sterling 8/pause 500/speak Sterling \"AYO, farmer!$10#$b#How are you doing, sweet face? Enjoying the night breeze?$9\"/pause 500/playSound trainWhistle/pause 500/faceDirection farmer 3/pause 250/emote farmer 16 true/jump farmer 8/pause 1200/speak Sterling \"What? Scared of some trains in the distance?$10\"/pause 300/faceDirection farmer 0/quickQuestion #That sounds like it's getting closer, you should get off the tracks, Sterling.#... Are you drunk? You really shouldn't be playing like that in that state.(break)textAboveHead Sterling \"*scoff*\"(break)textAboveHead Sterling \"*scoff*\"/speak Sterling \"Relax a little, @. You're starting to sound like Henry. I just had a few drinks.$9\"/pause 500/faceDirection Sterling 3/pause 50/animate Sterling false false 50 16 16 16 16 16 16 16 16 16 16 16 16 16 16 16 16 16 17 18 18 18 18 18 18 18 19 19 19 18 18 18 18 18 18 19 19 19 19 19 19 19 19 19 19 19 19 19 19 19 19 17 17 17 17 17 17 17 17 17 17 17 17 17 17 17 17 17 17 17 17 17 17/pause 5000/faceDirection Sterling 2/speak Sterling \"*chuckle* Would a drunk man be able to balance on a rail like this?$10\"/pause 1000/jump Sterling 8/pause 1000/message \"Sterling stumbles forward, losing his balance and tripping straight towards the ground\"/pause 1000/shake Sterling 1000/pause 100/textAboveHead Sterling \"Ow ow ow...\"/pause 2800/emote Sterling 28 true/animate Sterling false false 100 21 21 22 22 21 21 21 21 21 22 22 21 21 21 21 21 22 22 21 21 21 21 21/pause 2500/quickQuestion #...#Come on. Let's take you home, you dork.(break)pause 1000\\playSound trainWhistle\\stopMusic\\addLantern 735 15 44 1\\removeTemporarySprites\\addLantern 735 15 43 1\\removeTemporarySprites\\pause 1500\\faceDirection Sterling 3\\pause 2500\\emote Sterling 40\\pause 2000(break)pause 100\\emote Sterling 60 true\\pause 1650\\showFrame Sterling 1\\pause 500\\playSound trainWhistle\\stopMusic\\addLantern 735 15 44 1\\removeTemporarySprites\\addLantern 735 15 43 1\\removeTemporarySprites\\pause 1500\\showFrame Sterling 2\\pause 1000\\faceDirection Sterling 3\\pause 2500\\emote Sterling 40\\pause 2000/quickQuestion #...#*Sterling*(break)speak Sterling \"...$12\"(break)speak Sterling \"...$12\"/pause 500/speak Sterling \"Coming.$0\"/pause 500/playMusic cm:passingTrain/viewport move 0 1 10000/move Sterling 0 2 1/move Sterling 1 0 2/move Sterling 0 2 2/move Sterling 0 5 3 true/move farmer 0 5 1 true/pause 1000/speak Sterling \" I'm a grown adult you know. I don't actually need a babysitter.$9#$b#Don't give me that look, it's all just some late night fun away from home.#$b#Have you never chased after things that just make your blood pump?$9#$b#Like, the THRILL that let's you know you're alive.$9#$b#Just you, the night air and a good beer.$h#$b#If you close your eyes long enough while standing there you can almost drown out the lingering, existential dread.\"/pause 1000/speak Sterling \"#BAH. I can't believe you just got here and I'm already forcing you to be responsible over me. What's wrong with me? $13#$b#Sorry, farmer. This isn't particularly the impression I want to make.$4\"/textAboveHead Sterling \"... *sigh*...\"/pause 1000/speak Sterling \"...$4#$b#You know, this is just like me to get someone else tangled in my bullsh- $12\"/screenFlash 1/playSound thunder/stopMusic/pause 500/playSound thunder/playMusic cm:musicTrain/pause 1000/emote farmer 16 true/jump farmer 8/pause 1200/playSound thunder/pause 1000/speak Sterling \"... Ah.$14\"/pause 800/speak Sterling \"Of course. It's...$14#$b#Fucking, raining.$15#$b#... It's always fucking raining out here.$15\"/pause 1000/speak Sterling \"...$14#$b#I think... I'm gonna stay out here a little while longer.$14.#$b#Don't worry, no playing in the train tracks.$15#$b#...I think I just need the sobering up.$14\"/pause 1000/faceDirection Sterling 0/pause 500/emote farmer 60/pause 1500/faceDirection farmer 2/move farmer 0 6 2 true/globalFade/viewport -999 -999/pause 500/end",
           
            },
                "When": { "HasMod |contains=FlashShifter.StardewValleyExpandedCP": true }, 
        },

]
}