{
	"Name": "Bear Muffin",
	"Description": "The frosting tastes specially blue!", 
	"Category": "Cooking", 
  
	"Edibility": 50, 
	"EdibleIsDrink": false, 
  
	"EdibleBuffs": null,
  
	"Price": 300, 
  
	"IsColored": false, 
  
	"Recipe": {
			  "ResultCount": 1, 
			  
			  "Ingredients": [
								{
								   "Object": "Wheat Flour", 
								   "Count": 1, 
								},
								{
								   "Object": "Sugar", 
								   "Count": 1,
								},
								{
								   "Object": "Grape",
								   "Count": 1,
								},
								{
									"Object": "Blue Jazz",
									"Count": 1,
								}
			      ],
			   
			   "IsDefault": "False",
			   "CanPurchase": "False", 
				},
	"GiftTastes": { 
					"Love": [ "Jas", "Vincent", "Mia", "Eloise", "Lucikiel", "Sophia", "Abigail", "Lexi", "Emily", "Jessie", "Sterling", "Maddie", "Corine", "Trinnie", "Theo"], 
					"Dislike": [ "Krobus", "Willy", "Leo" ],
	},
}