{
	"Name": "Berry Parfait",
	"Description": "Mmm berries!", 
	"Category": "Cooking", 
  
	"Edibility": 50, 
	"EdibleIsDrink": false, 
  
	"EdibleBuffs": {
					"Farming": 0,
					"Fishing": 0,
					"Mining": 0,
					"Luck": 2,
					"Foraging": 0,
					"MaxStamina": 0,
					"MagnetRadius": 0,
					"Speed": 2,
					"Defense": 1, 
					"Attack": 0,
					"Duration": 180
  },
  
	"Price": 550, 
  
	"IsColored": false, 
  
	"Recipe": {
			  "ResultCount": 1, 
			  
			  "Ingredients": [
								{
								   "Object": "Milk", 
								   "Count": 1, 
								},
								{
								   "Object": "Blackberry", 
								   "Count": 1,
								},
								{
								   "Object": "Strawberry",
								   "Count": 1,
								},
								{
									"Object": "Salmonberry",
									"Count": 1,
								 },
								{
									"Object": "Cherry",
									"Count": 1,
								 }
			      ],
			   
			   "IsDefault": "False", 
			   
			   "CanPurchase": "False", 
			},
  
	"GiftTastes": { 
					"Love": [ "Demetrius", "Abigail", "Ysabelle", "Jeric", "Mia", "Sterling", "Haley", "Aideen"],
					"Neutral": ["Juna"], 
					"Dislike": ["Krobus", "Leo", "Willy", "Marnie"]
	},
}