{
	"Name": "Crab Croissant",
	"Description": "It's pinchy grabs are made of strawberries!", 
	"Category": "Cooking", 
  
	"Edibility": 50, 
	"EdibleIsDrink": false, 
  
	"EdibleBuffs": { "Farming": 0,
		"Fishing": 0,
		"Mining": 0,
		"Luck": 1,
		"Foraging": 0,
		"MaxStamina": 2,
		"MagnetRadius": 0,	
		"Speed": 2,
		"Defense": 0, 
		"Attack": 0,
		"Duration": 180},
  
	"Price": 500, 
  
	"IsColored": false, 
  
	"Recipe": {
			  "ResultCount": 1, 
			  
			  "Ingredients": [
								{
								   "Object": "Milk", 
								   "Count": 1, 
								},
								{
								   "Object": "Sugar", 
								   "Count": 1,
								},
								{
								   "Object": "Egg",
								   "Count": 1,
								},
								{
									"Object": "Strawberry",
									"Count": 1,
								},
								{
									"Object": "Blueberry",
									"Count": 1,
								 }
			      ],
			   
			   "IsDefault": "False", 
			   
			   "CanPurchase": "False", 
			},
  
	"GiftTastes": { 
					"Love": [ "Jas", "Vincent", "Mia", "Henry", "Eloise", "Lucikiel", "Olga", "Shiro", "Sterling" ], 
					"Dislike": [ "Harvey", "Krobus", "Leo", "Willy" ],
					"Hate" :  [ "Juna", "Theo" ]
	}
}