{
	"Name": "Morning Cat Toast",
	"Description": "A fan favorite with children! (and the Cooper men)", 
	"Category": "Cooking", 
  
	"Edibility": 40, 
	"EdibleIsDrink": false, 
  
	"EdibleBuffs": {
					"Farming": 3,
					"Fishing": 1,
					"Mining": 0,
					"Luck": 0,
					"Foraging": 0,
					"MaxStamina": 0,
					"MagnetRadius": 0,
					"Speed": 0,
					"Defense": 1, 
					"Attack": 0,
					"Duration": 120
  },
  
	"Price": 300, 
  
	"IsColored": false, 
  
	"Recipe": {
			  "ResultCount": 1, 
			  
			  "Ingredients": [
								{
								   "Object": "Bread", 
								   "Count": 1, 
								},
								{
								   "Object": "Blueberry", 
								   "Count": 1,
								},
								{
								   "Object": "Strawberry",
								   "Count": 2,
								}
			      ],
			   
			   "IsDefault": "False", 
			   
			   "CanPurchase": "False", 
			},
  
	"GiftTastes": { 
					"Love": [ "Jas", "Vincent", "Sterling", "Henry", "Eloise", "Lucikiel", "Lexi", "Jacob","Maddie", "Jeric", "Alex" ], 
					"Dislike": [ "Harvey", "Krobus", "Leo", "Willy" ],
	},
}