																																	
{
    "Changes": 
    [

        {
    //SPECIAL DATES    
    "pation_Sterling":
    "spouseRoom_Sterling":
    "funLeave_Sterling":
    "funReturn_Sterling": 
    "spring_Sterling":
	"spring_12": 
    "spring_23_2": 
	"spring_20": 
	"spring_27": 
	"summer_10": 
    "summer_Sterling":
	"summer_14": 
	"summer_27": 
    "fall_Sterling":
	"fall_Tue": 
	"fall_Wed": 
	"fall_15":   
	"fall_23": 
	"fall_26": 
    "winter_Sterling":
	"winter_7": 
  	"winter_24": 
	"winter_28": 
    
    //GENERIC DIALOGUE

    "Rainy_Day_0": 
    "Rainy_Day_1":  
    "Rainy_Day_2": 
    "Rainy_Day_3": 
    "Rainy_Day_4": 
    "Rainy_Day_5": 
    "Rainy_Day_6":
    "Rainy_Night_0": 
    "Rainy_Night_1": 
    "Rainy_Night_2": 
    "Rainy_Night_3": 
    "Rainy_Night_4": 
    "Rainy_Night_5": 
    "Rainy_Night_6": 
    "Indoor_Day_0": 
    "Indoor_Day_1": 
    "Indoor_Day_2": 
    "Indoor_Day_3": 
    "Indoor_Day_4": 
    "Indoor_Day_5":
    "Indoor_Night_0":
    "Indoor_Night_1": 
    "Indoor_Night_2": 
    "Indoor_Night_3": 
    "Indoor_Night_4": 
    "Indoor_Night_5": 
    "Indoor_Night_6":
    "Outdoor_0": 
    "Outdoor_1":
    "Outdoor_2":
    "Outdoor_3":  
    "Outdoor_4":
    "Outdoor_Sterling":
    "OneKid_0": 
    "OneKid_1": 
    "OneKid_3": 
    "OneKid_4":
    "TwoKids_0":
    "TwoKids_1":
    "TwoKids_2": 
    "TwoKids_3": 
    "TwoKids_4": 

    //AFFECTION DIALOGUE

    "Good_0": 
    "Good_1": 
    "Good_2":
    "Good_3": 
    "Good_4": 
    "Good_5": 
    "Good_6": 
    "Good_8": 
    "Good_9": 
    "Neutral_0":
    "Neutral_1":
    "Neutral_2": 
    "Neutral_3": 
    "Neutral_4":
    "Neutral_5": 
    "Neutral_6": 
    "Neutral_8": 
    "Bad_0":
    "Bad_1": 
    "Bad_2": 
    "Bad_3":
    "Bad_4": 
    "Bad_5": 
    "Bad_6": 
    "Bad_7": 
    "Bad_8": 
  
  
        }

    ]
}

//(0 = up, 1 = right, 2 = down, 3 = left)
