{
	"Name": "Froggy Burger",
	"Description": "Ribbit! A Mia special for children and hungry men.", 
	"Category": "Cooking", 
  
	"Edibility": 60, 
	"EdibleIsDrink": false, 
  
	"EdibleBuffs": {
					"Farming": 2,
					"Fishing": 0,
					"Mining": 0,
					"Luck": 0,
					"Foraging": 2,
					"MaxStamina": 0,
					"MagnetRadius": 1,
					"Speed": 0,
					"Defense": 0, 
					"Attack": 0,
					"Duration": 180
  },
  
	"Price": 270, 
  
	"IsColored": false, 
  
	"Recipe": {
			  "ResultCount": 1, 
			  
			  "Ingredients": [
								{
								   "Object": "Bread", 
								   "Count": 1, 
								},
								{
								   "Object": "Kale", 
								   "Count": 1,
								},
								{
								   "Object": "Tomato",
								   "Count": 1,
								}
			      ],
			   
			   "IsDefault": "False", 
			   
			   "CanPurchase": "False", 
			},
  
	"GiftTastes": { 
					"Love": [ "Henry", "Victor", "Emily", "Leah", "Philip", "Yuuma", "Freddie" ], 
					"Dislike": [ "Krobus", "Leo", "Willy", "Juna" ],
	},
}