{
	"Name": "Bear Pancakes",
	"Description": "A double stack of Mia's specialty breakfast, fluffy bear shaped pancakes!", 
	"Category": "Cooking", 
  
	"Edibility": 40, 
	"EdibleIsDrink": false, 
  
	"EdibleBuffs": {
					"Farming": 0,
					"Fishing": 0,
					"Mining": 0,
					"Luck": 1,
					"Foraging": 0,
					"MaxStamina": 0,
					"MagnetRadius": 0,
					"Speed": 0,
					"Defense": 1, 
					"Attack": 0,
					"Duration": 120
  },
  
	"Price": 150, 
  
	"IsColored": false, 
  
	"Recipe": {
			  "ResultCount": 1, 
			  
			  "Ingredients": [
								{
								   "Object": "Wheat Flour", 
								   "Count": 1, 
								},
								{
								   "Object": "Egg", 
								   "Count": 1,
								},
								{
								   "Object": "Strawberry",
								   "Count": 1,
								}
			      ],
			   
			   "IsDefault": "False", 
			   
			   "CanPurchase": "False", 
			},
  
	"GiftTastes": { 
					"Love": [ "Jas", "Vincent", "Mia", "Henry", "Eloise", "Lucikiel", "Haley", "Sophia", "Alissa", "Ian", "Juna", "Theo", "Sterling" ], 
                    "Neutral": [ "Emily" ],
					"Dislike": [ "Harvey", "Krobus", "Leo", "Willy" ],
					"Hate": [  "Leah" ]
	}
}