{
	"Name": "Plain Croissant",
	"Description": "Henry's first treat in the morning.", 
	"Category": "Cooking", 
  
	"Edibility": 36, 
	"EdibleIsDrink": false, 
  
	"EdibleBuffs": null,
  
	"Price": 150, 
  
	"IsColored": false, 
  
	"Recipe": {
			  "ResultCount": 1, 
			  
			  "Ingredients": [
								{
								   "Object": "Milk", 
								   "Count": 1, 
								},
								{
								   "Object": "Sugar", 
								   "Count": 1,
								},
								{
								   "Object": "Egg",
								   "Count": 2,
								}
			      ],
			   
			   "IsDefault": "False", 
			   
			   "CanPurchase": "False", 
			},
  
	"GiftTastes": { 
					"Love": [ "Henry", "Victor", "Wizard", "Demetrius", "Robin", "Jacob", "Ian", "Philip", "Shiro" ], 
					"Dislike": [ "Harvey", "Krobus", "Leo", "Willy" ],
	},
}