{
	"Name": "Starshot Cappuccino",
	"Description": "From far to the stars, into your cup! Sugary galaxies.", 
	"Category": "Cooking", 
  
	"Edibility": 40, 
	"EdibleIsDrink": true, 
  
	"EdibleBuffs": {
					"Farming": 0,
					"Fishing": 0,
					"Mining": 0,
					"Luck": 2,
					"Foraging": 0,
					"MaxStamina": 0,
					"MagnetRadius": 0,
					"Speed": 1,
					"Defense": 0, 
					"Attack": 0,
					"Duration": 240
  },
  
	"Price": 900, 
  
	"IsColored": false, 
  
	"Recipe": {
			  "ResultCount": 1, 
			  
			  "Ingredients": [
								{
								   "Object": "Coffee Bean", 
								   "Count": 1, 
								},
								{
								   "Object": "Starfruit", 
								   "Count": 1,
								},
			      ],
			   
			   "IsDefault": "False", 
			   
			   "CanPurchase": "False", 
			},
  
	"GiftTastes": { 
					"Love": [ "Harvey", "Jasper", "Haley", "Maru" ], 
					"Hate": [  "Eloise", "Jas", "Vincent", "Leo", "Krobus"],
	},
}